{"throughput":{"x":[0,1,2,3,4,5,6,7,8,9,10,11,12,13,14,15,16,17,18,19,20,21,22,23,24,25,26,27,28,29,30,31,32,33,34,35,36,37,38,39,40,41,42,43,44,45,46,47,48,49,50,51,52,53,54,55,56,57,58,59],"submitted":[0,0,11,11,10,10,10,10,10,10,10,8,0,0,0,0,0,11,11,10,10,10,10,10,10,10,8,0],"succeeded":[0,0,6,10,10,10,10,10,10,10,10,14,0,0,0,0,0,11,10,10,10,10,10,10,10,10,9,0],"failed":[0,0,0,0,0,0,0,0,0,0,0,0,0,0,0,0,0,0,0,0,0,0,0,0,0,0,0,0]},"latency":{"x":[0,1,2,3,4,5,6,7,8,9,10,11,12,13,14,15,16,17,18,19,20,21,22,23,24,25,26,27,28,29,30,31,32,33,34,35,36,37,38,39,40,41,42,43,44,45,46,47,48,49,50,51,52,53,54,55,56,57,58,59],"max":[0,0,0.717,0.69,0.618,0.58,0.58,0.586,0.54,0.582,0.604,0.616,0,0,0,0,0,0.063,0.036,0.035,0.018,0.058,0.059,0.077,0.034,0.041,0.021,0],"min":[0,0,0.531,0.526,0.525,0.535,0.53,0.527,0.524,0.531,0.532,0.524,0,0,0,0,0,0.012,0.012,0.013,0.012,0.011,0.011,0.012,0.012,0.012,0.012,0],"avg":[0,0,0.65,0.5557000000000001,0.5479,0.5543000000000001,0.5387000000000001,0.5509,0.533,0.5525,0.5597,0.5641428571428572,0,0,0,0,0,0.02318181818181819,0.0178,0.015900000000000004,0.0142,0.019200000000000005,0.022200000000000004,0.019500000000000007,0.017500000000000005,0.017800000000000003,0.014,0]},"summary":{"txSub":200,"txSucc":200,"txFail":0,"round":2},"report":""}